{
  "strategy": "IWUO",
  "dataset_version": "n02_patients",
  "num_patients": 2,
  "budgets": [
    0.05,
    0.1,
    0.2,
    0.3,
    0.5
  ],
  "mean_dice_by_budget": {
    "0.05": 0.1416182258653945,
    "0.1": 0.26308108306247047,
    "0.2": 0.46446508169368317,
    "0.3": 0.6372456999267202,
    "0.5": 0.9177531041493379
  },
  "std_dice_by_budget": {
    "0.05": 0.0761506452100898,
    "0.1": 0.12601769367049118,
    "0.2": 0.19856832846938252,
    "0.3": 0.23326234677570953,
    "0.5": 0.06036166822862371
  }
}