{
  "strategy": "Random",
  "dataset_version": "n02_patients",
  "num_patients": 2,
  "budgets": [
    0.05,
    0.1,
    0.2,
    0.3,
    0.5
  ],
  "mean_dice_by_budget": {
    "0.05": 0.04778157473772361,
    "0.1": 0.13267311894377376,
    "0.2": 0.2369964519894021,
    "0.3": 0.3676027883413182,
    "0.5": 0.5094958861765926
  },
  "std_dice_by_budget": {
    "0.05": 0.02829178515296785,
    "0.1": 0.056867327961071086,
    "0.2": 0.081164897555092,
    "0.3": 0.10665369780173886,
    "0.5": 0.13199203409646926
  }
}