{
  "strategy": "No Correction",
  "dataset_version": "n02_patients",
  "num_patients": 2,
  "budgets": [
    0.05,
    0.1,
    0.2,
    0.3,
    0.5
  ],
  "mean_dice_by_budget": {
    "0.05": 0.0014090756053258538,
    "0.1": 0.0014090756053258538,
    "0.2": 0.0014090756053258538,
    "0.3": 0.0014090756053258538,
    "0.5": 0.0014090756053258538
  },
  "std_dice_by_budget": {
    "0.05": 0.0004763971313465909,
    "0.1": 0.0004763971313465909,
    "0.2": 0.0004763971313465909,
    "0.3": 0.0004763971313465909,
    "0.5": 0.0004763971313465909
  }
}