{
  "strategy": "Impact-Only",
  "dataset_version": "n02_patients",
  "num_patients": 2,
  "budgets": [
    0.05,
    0.1,
    0.2,
    0.3,
    0.5
  ],
  "mean_dice_by_budget": {
    "0.05": 0.15693534488665256,
    "0.1": 0.2866891125784022,
    "0.2": 0.4933913227066141,
    "0.3": 0.7228241207853513,
    "0.5": 0.9260130154052957
  },
  "std_dice_by_budget": {
    "0.05": 0.05339344682420655,
    "0.1": 0.10240966415455945,
    "0.2": 0.1692009613415316,
    "0.3": 0.15746519203413478,
    "0.5": 0.058849622615350594
  }
}