{
  "strategy": "Uniform",
  "dataset_version": "n02_patients",
  "num_patients": 2,
  "budgets": [
    0.05,
    0.1,
    0.2,
    0.3,
    0.5
  ],
  "mean_dice_by_budget": {
    "0.05": 0.07104796075151917,
    "0.1": 0.12186141196391267,
    "0.2": 0.2195252091854873,
    "0.3": 0.329946471116348,
    "0.5": 0.5183267833662083
  },
  "std_dice_by_budget": {
    "0.05": 0.016706808841903543,
    "0.1": 0.03939170408326519,
    "0.2": 0.07651887800606035,
    "0.3": 0.08902060731225545,
    "0.5": 0.10284040763826238
  }
}